web_scraper_order,web_scraper_start_url,data,image
"1789039132-1","https://eskort.com/product-range/","Bacon & Cheese Wors","https://eskort.com/wp-content/uploads/2020/10/Eskort-Bacon-Cheese-Wors-1.jpg"
"1789039132-2","https://eskort.com/product-range/","Bacon Cherry Sticks","https://eskort.com/wp-content/uploads/2020/10/Eskort-Bacon-Cherry-Sticks.jpg"
"1789039132-3","https://eskort.com/product-range/","BBQ Marinated Mini Ribs","https://eskort.com/wp-content/uploads/2020/10/Eskort-Marinated-MIni-Ribs-2Kg.jpg"
"1789039132-4","https://eskort.com/product-range/","BBQ Marinated Pulled Pork","https://eskort.com/wp-content/uploads/2020/10/Eskort-Marinated-Pulled-Pork-.jpg"
"1789039132-5","https://eskort.com/product-range/","BBQ Spare Ribs","https://eskort.com/wp-content/uploads/2021/10/Ribs-Pack-Mock-Up-BBQ-Spare-FINAL-1024x583.png"
"1789039132-6","https://eskort.com/product-range/","Boston Butt","https://eskort.com/wp-content/uploads/2020/10/Eskort-Boston-Butt-Side.jpg"
"1789039132-7","https://eskort.com/product-range/","Bulk Pork Stewing Meat","https://eskort.com/wp-content/uploads/2020/10/Eskort-Pork-Stewing-Meat.jpg"
"1789039132-8","https://eskort.com/product-range/","Chakalaka Wors","https://eskort.com/wp-content/uploads/2020/10/Eskort-Chakalaka-Wors-Side.jpg"
"1789039132-9","https://eskort.com/product-range/","Cheese Twisters","https://eskort.com/wp-content/uploads/2020/10/Eskort-Cheese-Twisters.jpg"
"1789039132-10","https://eskort.com/product-range/","Chilli Bacon & Cheese Wors","https://eskort.com/wp-content/uploads/2020/10/Eskort-Chilli-Bacon-and-Cheese-Wors-Top.jpg"
"1789039132-11","https://eskort.com/product-range/","Creamy Peri Peri Pork Fillets","https://eskort.com/wp-content/uploads/2020/10/Eskort-Peri-Peri-Pork-Fillet.jpg"
"1789039132-12","https://eskort.com/product-range/","Eskort Creamy Black Pepper Pork Fillets","https://eskort.com/wp-content/uploads/2020/10/Eskort-Creamy-Black-Pepper-Pork-Fillet.jpg"
"1789039132-13","https://eskort.com/product-range/","Eskort Pork Deboned Loin Chops | Steaks","https://eskort.com/wp-content/uploads/2020/10/DebonedLoinChop_InPack_RGB_Web.png"
"1789039132-14","https://eskort.com/product-range/","Eskort Pre-cooked Marinated Cocktail Ribs","https://eskort.com/wp-content/uploads/2021/10/Ribs-Pack-Mock-Up-BBQ-COCKTAIL-FINAL-1024x703.png"
"1789039132-15","https://eskort.com/product-range/","Fillet Espetada Sweet & Sour","https://eskort.com/wp-content/uploads/2020/07/Eskort-Espetada-1024x683.jpg"
"1789039132-16","https://eskort.com/product-range/","Fresh Belly Ribs","https://eskort.com/wp-content/uploads/2020/10/Eskort-Plain-Belly-Ribs.jpg"
"1789039132-17","https://eskort.com/product-range/","Fresh Pork Fillets","https://eskort.com/wp-content/uploads/2020/10/Eskort-Fresh-Pork-Fillet.jpg"
"1789039132-18","https://eskort.com/product-range/","Fresh Pork Neck Roll","https://eskort.com/wp-content/uploads/2020/10/Eskort-Fresh-Pork-Neck-Roll.jpg"
"1789039132-19","https://eskort.com/product-range/","Gammon Steaks D’Lux","https://eskort.com/wp-content/uploads/2020/10/Eskort-Gammon-Steak-D_Lux.jpg"
"1789039132-20","https://eskort.com/product-range/","Heidelberger Wors","https://eskort.com/wp-content/uploads/2020/10/Eskort-Heidelberger-Wors-Side.jpg"
"1789039132-21","https://eskort.com/product-range/","Honey Glazed Pork Rashers","https://eskort.com/wp-content/uploads/2020/10/HoneyGlazedRashers_InPack_RGB_Web-1.png"
"1789039132-22","https://eskort.com/product-range/","Kampvuur Braaiwors","https://eskort.com/wp-content/uploads/2020/07/Kampvuur-Wors-1024x683.jpg"
"1789039132-23","https://eskort.com/product-range/","Kassler Chops Bone-In","https://eskort.com/wp-content/uploads/2020/10/Eskort-Kassler-Chops-Bone-In-Side.jpg"
"1789039132-24","https://eskort.com/product-range/","Kassler Steaks","https://eskort.com/wp-content/uploads/2020/10/Eskort-Boneless-Kassler-Chop-Side.jpg"
"1789039132-25","https://eskort.com/product-range/","Lean Pork Mince","https://eskort.com/wp-content/uploads/2020/10/Eskort-Lean-Mince-Side.jpg"
"1789039132-26","https://eskort.com/product-range/","Lekker Bekkies","https://eskort.com/wp-content/uploads/2020/10/Eskort-Lekker-Bekkies-Side.jpg"
"1789039132-27","https://eskort.com/product-range/","Lemon Bacon Rolls","https://eskort.com/wp-content/uploads/2020/10/Eskort-Lemon-Bacon-Rolls.jpg"
"1789039132-28","https://eskort.com/product-range/","Marinated Loin Ribs","https://eskort.com/wp-content/uploads/2020/10/Ribs-Pack-Mock-Up-BBQ-Loin-FINAL-1024x583.png"
"1789039132-29","https://eskort.com/product-range/","Mexican Chilli Marinated Mini Ribs","https://eskort.com/wp-content/uploads/2020/10/Eskort-Mexican-Chilli-Ribs.jpg"
"1789039132-30","https://eskort.com/product-range/","Minute Steak","https://eskort.com/wp-content/uploads/2020/10/Eskort-Minute-Steaks.jpg"
"1789039132-31","https://eskort.com/product-range/","Onion Liver Skilpadjies","https://eskort.com/wp-content/uploads/2020/10/Eskort-Skilpadjies.jpg"
"1789039132-32","https://eskort.com/product-range/","Pickled Eisbein","https://eskort.com/wp-content/uploads/2020/10/Eskort-Pickled-Eisbein.jpg"
"1789039132-33","https://eskort.com/product-range/","Pickled Mini Eisbein","https://eskort.com/wp-content/uploads/2020/07/Pickled-Mini-Eisbein-1024x683.jpg"
"1789039132-34","https://eskort.com/product-range/","Pork Armadillo","https://eskort.com/wp-content/uploads/2020/10/Eskort-Armadillo.jpg"
"1789039132-35","https://eskort.com/product-range/","Pork Belly","https://eskort.com/wp-content/uploads/2020/10/Eskort-Pork-Belly.jpg"
"1789039132-36","https://eskort.com/product-range/","Pork Goulash","https://eskort.com/wp-content/uploads/2020/10/Eskort-Goulash-Side.jpg"
"1789039132-37","https://eskort.com/product-range/","Pork Loin Chops","https://eskort.com/wp-content/uploads/2020/10/Eskort-Pork-Loin-Chop.jpg"
"1789039132-38","https://eskort.com/product-range/","Pork Loin Roast","https://eskort.com/wp-content/uploads/2020/10/Eskort-Pork-Loin-Bone-In-Rind-On.jpg"
"1789039132-39","https://eskort.com/product-range/","Pork Rib Eye Steak","https://eskort.com/wp-content/uploads/2020/10/RibEyeSteak_InPack_RGB_Web.png"
"1789039132-40","https://eskort.com/product-range/","Pork Spare Ribs","https://eskort.com/wp-content/uploads/2020/07/Marinated-Spare-Rib-Short-1024x683.jpg"
"1789039132-41","https://eskort.com/product-range/","Pork Stir Fry","https://eskort.com/wp-content/uploads/2020/10/Eskort-Pork-Stir-Fry.jpg"
"1789039132-42","https://eskort.com/product-range/","Prego Marinated Rashers","https://eskort.com/wp-content/uploads/2022/05/PregoRashers_InPack_RGB_Web-1.png"
"1789039132-43","https://eskort.com/product-range/","Prego Sosaties","https://eskort.com/wp-content/uploads/2020/10/Eskort-Prego-Sosaties.jpg"
"1789039132-44","https://eskort.com/product-range/","Prego Steaks","https://eskort.com/wp-content/uploads/2020/10/PregoSteaks_InPack_RGB_Web.png"
"1789039132-45","https://eskort.com/product-range/","Rump Steak","https://eskort.com/wp-content/uploads/2020/10/RumpSteak_InPack_RGB_Web.png"
"1789039132-46","https://eskort.com/product-range/","Sandrivier Sosaties","https://eskort.com/wp-content/uploads/2020/09/Sandrivier-Sosaties-1024x683.jpg"
"1789039132-47","https://eskort.com/product-range/","Shoulder Ribs Smoked","https://eskort.com/wp-content/uploads/2020/07/Smoked-Spare-Rib-1024x683.jpg"
"1789039132-48","https://eskort.com/product-range/","Silverside Roast","https://eskort.com/wp-content/uploads/2020/10/Eskort-Silverside-roast.jpg"
"1789039132-49","https://eskort.com/product-range/","Smoked Eisbein","https://eskort.com/wp-content/uploads/2020/10/Eskort-Smoked-Eisbein-1.jpg"
"1789039132-50","https://eskort.com/product-range/","Smoked Gammon","https://eskort.com/wp-content/uploads/2020/10/Eskort-Smoked-Gammon.jpg"
"1789039132-51","https://eskort.com/product-range/","Smoked Mini Eisbein","https://eskort.com/wp-content/uploads/2020/10/Eskort-Smoked-Mini-Eisbeins.jpg"
"1789039132-52","https://eskort.com/product-range/","Smoked Pork Fillet","https://eskort.com/wp-content/uploads/2020/07/Smoked-Pork-Fillet-1024x683.jpg"
"1789039132-53","https://eskort.com/product-range/","Smoked Pork Neck Roast","https://eskort.com/wp-content/uploads/2020/10/Eskort-Smoked-Pork-Neck-Roast.jpg"
"1789039132-54","https://eskort.com/product-range/","Smoked Pork Neck Steaks","https://eskort.com/wp-content/uploads/2020/10/SmokedPorkNeckSteaks_InPack_RGB_Web-3.png"
"1789039132-55","https://eskort.com/product-range/","Smoked Pork Shanks","https://eskort.com/wp-content/uploads/2020/07/Smoked-Pork-Shank-1024x683.jpg"
"1789039132-56","https://eskort.com/product-range/","Smoked Spare Rib","https://eskort.com/wp-content/uploads/2020/07/Smoked-Spare-Rib-1024x683.jpg"
"1789039132-57","https://eskort.com/product-range/","Spek Wors","https://eskort.com/wp-content/uploads/2020/10/Eskort-Spek-Wors.jpg"
"1789039132-58","https://eskort.com/product-range/","Steaks Excellente","https://eskort.com/wp-content/uploads/2020/10/Eskort-Chops-Excellente.jpg"
"1789039132-59","https://eskort.com/product-range/","Trotters","https://eskort.com/wp-content/uploads/2020/09/Sliced-Trotters-1024x683.jpg"
"1789039132-60","https://eskort.com/product-range/","Voortrekker Boerewors","https://eskort.com/wp-content/uploads/2020/10/Eskort-Voortrekker-Boerewors.jpg"
