web_scraper_order,web_scraper_start_url,data,url
"1789028103-1","https://eskort.com/recipes/?search=&recipe-category=braai","Braaied Pork Skewers","https://eskort.com/wp-content/uploads/2025/04/braai-skew.png"
"1789028103-2","https://eskort.com/recipes/?search=&recipe-category=braai","Lettuce Wrapped Burger","https://eskort.com/wp-content/uploads/2023/11/WebsiteBRU00230.ARU_-1-1024x819.jpg"
"1789028103-3","https://eskort.com/recipes/?search=&recipe-category=braai","Braai Made easy with Eskort for the Nyamarians – By Sinoyolo Sifo","https://eskort.com/wp-content/uploads/2023/04/Screenshot-2023-04-18-at-15.26.39.png"
"1789028103-4","https://eskort.com/recipes/?search=&recipe-category=braai","Braai Pork Chop with Cheesy Braai Broodjie","https://eskort.com/wp-content/uploads/2021/10/Eskort-Braai-Pork-Cheesy-Braai_Bro.jpg"
"1789028103-5","https://eskort.com/recipes/?search=&recipe-category=braai","Eskort Marinated Loin Ribs with Whole Roasted Sweet Potato Salad","https://eskort.com/wp-content/uploads/2020/09/Eskort-loin-ribs-with-whole-roasted-sweet-potato-salad-1881-1024x512.jpg"
"1789028103-6","https://eskort.com/recipes/?search=&recipe-category=braai","Eskort Pork Espetada with Chilli & Lime Buttered Corn & Cheesy Braai Bread","https://eskort.com/wp-content/uploads/2020/08/Eskort-Espetada-with-chili-and-lime-buttered-corn-and-a-cheesy-braai-bread-1904-1024x512.jpg"
"1789028103-7","https://eskort.com/recipes/?search=&recipe-category=braai","The Ultimate Bacon Chesa Sarmie","https://eskort.com/wp-content/uploads/2020/09/Eskort-The-ultimate-pre-braai-bacon-cheese-and-tom-braai-broodjies-1865.jpg"
"1789028103-8","https://eskort.com/recipes/?search=&recipe-category=braai","On The Braai: Mini Eisbeins & Cauliflower Salad","https://eskort.com/wp-content/uploads/2020/04/Eskort-Mini-eisbein-and-cauliflower-salad-Braai.jpg"
"1789028103-9","https://eskort.com/recipes/?search=&recipe-category=braai","Braai Espetada with Garlic Pasta Salad","https://eskort.com/wp-content/uploads/2020/04/Eskort-Espatada-pasta-salad-Braai-.jpg"
"1789028103-10","https://eskort.com/recipes/?search=&recipe-category=braai","Spiced Russians & Chips","https://eskort.com/wp-content/uploads/2020/02/Eskort-Deconstructed-Russian-and-chips.jpg"
"1789028103-11","https://eskort.com/recipes/?search=&recipe-category=braai","BBQ Ribs with Sweet & Sour Onion Rings","https://eskort.com/wp-content/uploads/2019/10/Eskort-Ribs-w-sweet-and-sour-onion-rings.jpg"
"1789028103-12","https://eskort.com/recipes/?search=&recipe-category=braai","Double Smoked Ham, Cheese & Noodle Braai Broodjie","https://eskort.com/wp-content/uploads/2019/10/Eskort-Double-Smoked-Ham-Cheese-Noodle-Braai-Broodjie-.jpg"
